232013274,1,-0.123126716,-0.184667551,-1.201368802,-0.1219696,-0.043874548,-0.113002009,-0.061583794,-0.112635219,-0.119164648,-0.049706964,-0.11499579,-0.028741286,-0.035390553,-0.042955299,-0.013281615,0.062886578,-0.128448427,-0.13366299,-0.117240089,0.887057872,0.884556525,-0.139710213,-0.148898494,-0.08014727,-0.15564364,-0.01076301,-0.012107452,-0.13971201,-0.148893792,-0.080146736,-0.155643608,-0.010668561,-0.012005182,-0.024668831,-0.03127239,-0.023045156,-0.026214655,0.001427814,0.001482644,-0.227215446,-0.239368369,-0.075255532,-0.234951518,0.037468029,0.043444221,-0.227203324,-0.243236093,-0.097894678,-0.235896423,0.03657665,0.042345135,-0.413940182,-0.488286126,-0.232552621,-0.467491762,0.048766818,0.052956065,-0.039079108,-0.17287136,-0.163111576,-0.160898335,-1.316342284,-1.315388388,-0.039074378,-0.172860318,-0.163100239,-0.160891448,-1.316333378,-1.315375381,-0.017031676,-0.030026235,-0.01764012,-0.0150709,-0.140763222,-0.140334624,-0.095402689,-0.263373037,-0.249491858,-0.262691689,-1.471764495,-1.470277464,-0.059013055,-0.261295119,-0.254008492,-0.258101539,-1.499971538,-1.498585281,-0.293719543,0.298105207,0.587701105,0.224544335,-1.084906786,-1.084844896,-0.124872367,-0.16681547,-0.116816715,-0.148135908,-0.014658776,-0.018848713,-1.458177396,-1.494284809,-0.083458784,-1.486199335,-0.088797725,-0.090437082,-0.166549949,-0.216536379,-0.134546475,-0.194816611,-0.00317499,-0.00409409,-1.096335694,-1.267339914,-0.349932775,-1.230440801,-0.004357614,-0.00419437,-0.116424604,-0.176617282,-0.137323277,-0.152464371,-0.026059689,-0.027659714,-0.093144727,-0.143706724,-0.097718599,-0.12746225,0.003143296,0.00242631,-0.015551986,-0.121019079,-0.112832733,-0.101401414,-1.159648797,-1.160128856,-1.373932279,-1.356288824,-0.301685553,-1.404635829,1.342003002,1.340732728,-0.168741553,-0.363728568,-0.309201862,-0.348362976,-1.015963374,-1.016230427,-0.968902875,-0.898426267,0.153209334,-1.071885286,-1.116918167,-1.116948469,-0.216814361,-0.249619286,-0.128722496,-0.235167555,-0.979073767,-0.978556047,-0.098888737,-0.087490156,-0.084674233,-0.140597079,1.519699616,1.521399483
232029206,1,-0.005027053,0.578940769,-0.09138345,4.380280903,-0.063724573,4.667145589,0.851304598,-0.163645211,-0.144553738,0.02006867,-0.163135218,1.696691154,2.414968496,-0.063199953,-0.013281615,2.370511844,0.001524796,-0.172908141,0.221418901,-0.243299652,-0.243451651,-0.139731739,-0.147416187,-0.079746902,-0.155558779,0.66516467,1.037078452,-0.139733538,-0.147411386,-0.079746369,-0.155558738,0.66525086,1.037113437,-0.024668831,-0.031272389,-0.023045155,-0.026214655,-0.973501557,-0.97337183,-0.22715868,-0.156771649,0.020778047,-0.227568906,-1.618970697,-1.516592805,-0.227144242,-0.233498716,-0.077440972,-0.233665226,-1.452326488,-1.486170822,-0.271124134,3.685528976,3.633753311,1.349955796,-1.155577403,-1.024980264,4.6286834,0.51380446,-0.16312599,1.20821954,-0.196434653,-0.196188839,4.629650168,0.513869472,-0.163114653,1.208277744,-0.196408539,-0.196132628,-0.017031676,-0.030026235,-0.01764012,-0.0150709,-0.140763222,-0.140334624,4.313295413,0.216750322,-0.250573517,0.707150976,-0.169118906,-0.167165382,6.220011289,0.216948393,-0.25516815,0.717107755,-0.187190965,-0.185273626,3.991587344,0.810878547,-0.694235199,2.084650745,0.025307983,0.025216903,-0.171095883,0.04180278,0.10207683,-0.164947721,0.486673035,1.603749607,-1.458049285,-1.494121968,-0.08318618,-1.486058234,0.282454303,0.279437935,-0.174164325,-0.185693466,-0.115473726,-0.192597734,0.002450948,0.058185627,-1.096335694,0.787434698,1.15225337,-1.025934347,0.512704722,0.67008476,-0.116424604,0.189880725,0.09061831,-0.088982985,0.676321846,0.542348936,-0.09555927,-0.123837659,-0.086194387,-0.124628762,0.5253095,0.617473561,0.317263823,-0.121019527,-0.188715809,-0.032709638,-0.047722125,-0.048170684,-1.373902322,-1.356288824,-0.301754266,-1.404621177,0.183132745,0.182748085,-0.16357734,-0.456561277,-0.424671815,-0.43691537,0.143001405,0.142525211,-0.425896117,-1.421138003,-1.059868398,-1.071885286,0.185597367,0.185492004,-0.216814361,-0.617907326,-0.577099376,-0.613613764,0.241128277,0.241406446,0.604120084,0.008632132,-0.131155304,0.333211254,-0.120613407,-0.11979246
232344069,1,-0.147852458,-0.184667551,-1.201368802,-0.1219696,-0.043874548,-0.113002009,-0.061583794,-0.137933299,-0.144108176,-0.049706964,-0.140265638,-0.028741286,-0.035390553,-0.042955299,-0.013281615,-0.00675372,-0.148916086,-0.151494147,-0.146512734,0.887057872,0.884556525,-0.139720948,-0.148905344,-0.08014727,-0.155652736,-0.01076301,-0.012107452,-0.139722746,-0.148900643,-0.080146736,-0.155652705,-0.010668561,-0.012005182,-0.024668831,-0.03127239,-0.023045156,-0.026214655,0.001427814,0.001482644,-0.227215446,-0.239368369,-0.075255532,-0.234951518,0.037468029,0.043444221,-0.227203324,-0.243236093,-0.097894678,-0.235896423,0.03657665,0.042345135,-0.413951747,-0.488295744,-0.232552621,-0.467502859,0.048766818,0.052956065,-0.039113634,-0.172877475,-0.163112679,-0.160909494,-1.316342284,-1.315388388,-0.03910891,-0.172866433,-0.163101342,-0.160902608,-1.316333378,-1.315375381,-0.017031676,-0.030026235,-0.01764012,-0.0150709,-0.140763222,-0.140334624,-0.095402689,-0.264408295,-0.250556747,-0.263736149,-1.471764495,-1.470277464,-0.059013055,-0.26240523,-0.255148982,-0.259232046,-1.499971538,-1.498585281,-0.293840749,-0.711860988,-0.633647723,-0.676278704,-1.084906786,-1.084844896,-0.153757657,-0.189492252,-0.116816715,-0.176400866,-0.014658776,-0.018848713,-1.458177396,-1.494284809,-0.083458784,-1.486199335,-0.088797725,-0.090437082,-0.166549949,-0.216536379,-0.134546475,-0.194816611,-0.00317499,-0.00409409,-1.096335694,-1.267339914,-0.349932775,-1.230440801,-0.004357614,-0.00419437,-0.116424604,-0.176617282,-0.137323277,-0.152464371,-0.026059689,-0.027659714,-0.093144727,-0.143706724,-0.097718599,-0.12746225,0.003143296,0.00242631,-0.115679862,-0.190198861,-0.177836203,-0.201577753,1.064204546,1.063787488,-1.373932279,-1.356183465,-0.301410698,-1.404577221,-0.975737512,-0.975236557,-0.168741553,-0.44535733,-0.409014872,-0.427594065,-1.015963374,-1.016230427,-0.968902875,-1.943849738,-1.059868398,-1.678997351,0.185597367,0.185492004,-0.216814361,-0.617907326,-0.577099376,-0.613613764,0.241128277,0.241406446,0.0182794,-0.087490156,-0.131155304,-0.097523594,-0.120613407,-0.11979246
27553029,1,-0.151356727,-0.184667551,-1.201368802,-0.1219696,-0.043874548,-0.113002009,-0.061583794,-0.141518683,-0.147643311,-0.049706964,-0.143847021,-0.028741286,-0.035390553,-0.042955299,-0.013281615,-0.038423774,-0.150266425,-0.150457408,-0.150661416,0.887057872,0.884556525,-0.13972247,-0.148906315,-0.08014727,-0.155654025,-0.01076301,-0.012107452,-0.139724268,-0.148901614,-0.080146736,-0.155653994,-0.010668561,-0.012005182,-0.024668831,-0.03127239,-0.023045156,-0.026214655,0.001427814,0.001482644,-0.227215446,-0.239368369,-0.075255532,-0.234951518,0.037468029,0.043444221,-0.227203324,-0.243236093,-0.097894678,-0.235896423,0.03657665,0.042345135,-0.414001543,-0.488337159,-0.232552621,-0.46755064,0.048766818,0.052956065,-0.039115911,-0.172877485,-0.163112334,-0.160909839,-1.316342284,-1.315388388,-0.039111189,-0.172866444,-0.163100996,-0.160902952,-1.316333378,-1.315375381,-0.017031676,-0.030026093,-0.017639969,-0.015070752,-2.428425523,-2.429065026,-0.095402689,-0.263829529,-0.249961415,-0.263152239,-1.471764495,-1.470277464,-0.059013055,-0.262097384,-0.254832711,-0.258918544,-1.499971538,-1.498585281,-0.293753925,-0.415344488,-0.27509403,-0.411788828,-1.084906786,-1.084844896,-0.154725731,-0.190252251,-0.116816715,-0.17734815,-0.014658776,-0.018848713,-1.458049285,-1.494154536,-0.083458784,-1.486069416,-0.088797725,-0.090437082,-0.166549949,-0.216536379,-0.134546475,-0.194816611,-0.00317499,-0.00409409,-1.096335694,-1.267339914,-0.349932775,-1.230440801,-0.004357614,-0.00419437,-0.116424604,-0.176617282,-0.137323277,-0.152464371,-0.026059689,-0.027659714,-0.093144727,-0.143706724,-0.097718599,-0.12746225,0.003143296,0.00242631,-0.107516383,-0.190819808,-0.180485861,-0.200606504,1.064204546,1.063787488,-1.373902322,-1.348834641,-0.282308296,-1.40047468,-0.975737512,-0.975236557,-0.168741553,-0.454960713,-0.420757579,-0.43691537,-1.015963374,-1.016230427,-0.968902875,-1.943849738,-1.059868398,-1.678997351,0.185597367,0.185492004,-0.216814361,-0.587216656,-0.539734636,-0.58207658,-0.979073767,-0.978556047,0.0182794,-0.087490156,-0.131155304,-0.097523594,-0.120613407,-0.11979246
36411953,1,-0.172620987,-0.162277002,0.463609226,-0.046932091,-0.043874548,-0.029139771,-0.061583794,-0.163511789,-0.169226506,-0.048778204,-0.165764079,2.459222176,2.415324919,-0.042955299,-0.013281615,-0.056091434,-0.170871671,-0.172694898,-0.175836035,0.887057872,0.884556525,-0.139731802,-0.148912242,-0.08014723,-0.155661915,2.679386336,2.665377001,-0.139733602,-0.148907541,-0.080146696,-0.155661885,2.679447917,2.66530756,-0.024668831,-0.03127239,-0.023045156,-0.026214655,0.001427814,0.001482644,-0.227215446,-0.239368369,-0.075255532,-0.234951518,0.037468029,0.043444221,-0.227203324,-0.243236093,-0.097894678,-0.235896423,0.03657665,0.042345135,-0.414001543,-0.488270856,-0.232399269,-0.467512392,2.939462356,2.937343405,-0.039150982,-0.172885944,-0.163115847,-0.160923415,0.923472978,0.92301071,-0.039146267,-0.172874903,-0.163104509,-0.160916528,0.923516299,0.923110126,-0.017031676,-0.030026235,-0.01764012,-0.0150709,-0.140763222,-0.140334624,-0.095402689,-0.264326779,-0.250472898,-0.263653908,1.133526683,1.135946701,-0.059013055,-0.262423888,-0.25516815,-0.259251046,-0.187190965,-0.185273626,-0.293705211,-0.758060504,-0.689579267,-0.717439434,1.135522751,1.135278702,-0.170565759,-0.202603207,-0.116587314,-0.19279536,2.536783834,2.532288139,-1.458177396,-1.494154536,-0.081849332,-1.486134375,-2.959217342,-2.950210022,-0.163271243,-0.200145854,-0.099509811,-0.182951963,-3.024777613,-3.030689307,-0.036237665,0.273741045,0.91471964,0.125525902,3.667039181,3.665468657,-0.116424604,-0.05445128,0.145820335,-0.055655257,-3.327523696,-3.3308552,-0.090730184,-0.140868287,-0.095438785,-0.124412084,-3.872193858,-3.871849378,-0.124472709,-0.182728994,-0.166347447,-0.19480725,1.064204546,1.063787488,-1.373872364,-1.34915072,-0.283201574,-1.400635851,1.342003002,1.340732728,-0.159807465,-0.451548631,-0.419971209,-0.430915868,1.301966184,1.301280849,0.660117397,0.146997204,-0.453329532,0.445894875,1.488112901,1.487932477,-0.19314311,-0.544249718,-0.494896948,-0.531617086,1.461330321,1.461368938,0.0182794,-0.087490156,-0.131155304,-0.097523594,-0.120613407,-0.11979246
230405052,1,-0.172822158,-0.162277002,0.463609226,-0.046932091,-0.043874548,-0.029139771,-0.061583794,-0.163573129,-0.169368968,-0.049527047,-0.165866878,-2.516704748,-2.486106025,-0.042955299,-0.013281615,-0.056995965,-0.171014164,-0.17278473,-0.1760742,-1.373657177,-1.371459828,-0.139731828,-0.148912281,-0.080147262,-0.155661952,-2.700912355,-2.689591904,-0.139733628,-0.14890758,-0.080146728,-0.155661922,-2.700785039,-2.689317925,-0.024668831,-0.03127239,-0.023045156,-0.026214655,0.001427814,0.001482644,-0.227215446,-0.239368369,-0.075255532,-0.234951518,0.037468029,0.043444221,-0.227203324,-0.243236093,-0.097894678,-0.235896423,0.03657665,0.042345135,-0.413929166,-0.488261693,-0.232517303,-0.467472382,2.939462356,2.937343405,-0.03915092,-0.172895459,-0.163125988,-0.160932891,-1.316342284,-1.315388388,-0.039146205,-0.172884419,-0.163114651,-0.160926006,-1.316333378,-1.315375381,-0.017031676,-0.030026235,-0.01764012,-0.0150709,-0.140763222,-0.140334624,-0.095402689,-0.264391992,-0.250539977,-0.263719701,1.133526683,1.135946701,-0.059013055,-0.26240523,-0.255148982,-0.259232046,1.125589609,1.128038029,-0.293853088,-0.761797468,-0.694032929,-0.720820818,1.135522751,1.135278702,-0.170863145,-0.202642293,-0.116059413,-0.192965219,2.536783834,2.532288139,-1.458017257,-1.4940894,-0.083056421,-1.486020696,-2.959217342,-2.950210022,-0.165105095,-0.209228232,-0.118891795,-0.189534586,-3.024777613,-3.030689307,-0.036237665,0.273741045,0.91471964,0.125525902,-3.675754409,-3.673857398,-0.116424604,-0.115534281,0.004248529,-0.104059814,-3.327523696,-3.3308552,-0.093144727,-0.143706724,-0.097718599,-0.12746225,0.003143296,0.00242631,-0.124687355,-0.198929794,-0.186867541,-0.213471575,-1.159648797,-1.160128856,-1.37381245,-1.356025425,-0.301273271,-1.404430702,1.342003002,1.340732728,-0.171686187,-0.454848674,-0.419504632,-0.437692456,-1.015963374,-1.016230427,0.660117397,-0.375714531,-1.059868398,0.142338843,0.185597367,0.185492004,-0.19314311,-0.605631058,-0.569626428,-0.594691454,1.461330321,1.461368938,0.0182794,-0.068265698,-0.084674233,-0.054450109,-1.760926429,-1.760984402
34194980,1,-0.088112029,-0.091282137,1.018601901,-0.1219696,0.055375579,-0.113002009,-0.061583794,-0.076807703,-0.083839253,-0.049706964,-0.079208257,-0.028741286,-0.035390553,0.058267971,-0.013281615,-0.055290164,-0.100360995,-0.130361408,-0.147556285,0.091975827,-0.324023664,-0.13969501,-0.148888793,-0.08014727,-0.155630757,-0.01076301,-0.012107452,-0.139696804,-0.148884091,-0.080146736,-0.155630724,-0.010668561,-0.012005182,-0.024668831,-0.03127239,-0.023045156,-0.026214655,0.001427814,0.001482644,-0.227215446,-0.239368369,-0.075255532,-0.234951518,0.037468029,0.043444221,-0.227203324,-0.243236093,-0.097894678,-0.235896423,0.03657665,0.042345135,-0.414008132,-0.48834264,-0.232552621,-0.467556963,0.048766818,0.052956065,-0.039150633,-0.172876544,-0.163112918,-0.160912349,0.032962033,-0.196188839,-0.039145918,-0.172865502,-0.16310158,-0.160905462,0.032991671,-0.196132628,-0.017031676,-0.030026235,-0.01764012,-0.0150709,-0.140763222,-0.140334624,-0.095402689,-0.263739861,-0.250111565,-0.263252103,-0.241354006,-0.408648117,-0.059013055,-0.261649608,-0.254706526,-0.258757043,-0.19313852,-0.381871439,-0.293816264,0.310026446,0.097376134,-0.19306641,0.071685622,0.500957674,-0.115138581,-0.159173832,-0.116816715,-0.138611163,-0.014658776,-0.018848713,-1.457921173,-1.494024263,-0.083458784,-1.485939497,-0.088797725,-0.090437082,-0.126453046,-0.186055916,-0.134546475,-0.156513174,-0.00317499,-0.00409409,1.023860363,0.787434698,-0.349932775,0.939105924,-0.004357614,-0.00419437,-0.116424604,-0.176617282,-0.137323277,-0.152464371,-0.026059689,-0.027659714,-0.090730184,-0.142287506,-0.097718599,-0.125428806,0.003143296,0.00242631,-0.124368548,-0.110962608,-0.131937822,-0.159500572,0.848094877,0.785797945,-1.37381245,-1.333478498,-0.266462636,-1.396520751,1.034942748,1.17530635,-0.168741553,-0.074832858,-0.131795428,-0.24121609,0.829329135,0.706267048,-0.968902875,1.192420675,0.947434472,-0.551503517,0.228540032,0.426850281,-0.216814361,3.255255222,2.410259072,1.471444635,1.04408833,0.818211335,-0.098888737,-0.049041241,-0.058013082,-0.122137014,-0.916760118,-0.61019235
5529846,1,-0.150071579,-0.091282137,1.018601901,-0.046932091,-0.004174497,-0.029139771,-0.061583794,-0.153718165,-0.156133102,-0.017383188,-0.154240384,-2.516704748,-2.486106025,-0.002465991,-0.013281615,-0.049940979,-0.154526608,-0.161095537,-0.162702083,0.099289325,0.433353255,-0.139727646,-0.148908647,-0.080145879,-0.155657766,-2.700912355,-2.689591904,-0.139729446,-0.148903945,-0.080145345,-0.155657736,-2.700785039,-2.689317925,-0.024668831,-0.03127239,-0.023045156,-0.026214655,0.001427814,0.001482644,-0.227215446,-0.239368369,-0.075255532,-0.234951518,0.037468029,0.043444221,-0.227203324,-0.243236093,-0.097894678,-0.235896423,0.03657665,0.042345135,-0.413988467,-0.488326285,-0.232552621,-0.467538094,0.048766818,0.052956065,-0.039150244,-0.172769288,-0.163033718,-0.160833055,0.614810025,0.475330891,-0.039145528,-0.172758238,-0.16302238,-0.160826165,0.614847947,0.475413024,-0.017031676,-0.0300261,-0.017640018,-0.015070829,1.631252376,1.632508323,-0.095402689,-0.261750861,-0.248724477,-0.262120115,0.96654175,1.069075286,-0.059013055,-0.260250308,-0.253678002,-0.257821288,0.995148374,1.060643206,-0.29369223,0.328915105,0.198059067,-0.151662707,0.974635447,1.135278702,-0.144694142,-0.15969553,-0.055218656,-0.153396709,-2.566101385,-2.569985565,-1.457857117,-1.493959127,-0.083458784,-1.485874538,-0.088797725,-0.090437082,-0.126453046,-0.186055916,-0.134546475,-0.156513174,-0.00317499,-0.00409409,1.023860363,0.787434698,-0.349932775,0.939105924,-0.004357614,-0.00419437,-0.116424604,-0.176617282,-0.137323277,-0.152464371,-0.026059689,-0.027659714,-0.085901099,-0.13661063,-0.09315897,-0.119328472,-3.872193858,-3.871849378,-0.116288652,-0.110932787,-0.113050402,-0.123928974,-0.217023379,-0.492953953,-1.373722578,-1.353918236,-0.2979063,-1.403624845,-0.028447049,0.060685786,-0.168741553,-0.263289979,-0.262263464,-0.334786807,-0.205455824,-0.7844793,-0.968902875,0.146997204,0.563874399,-0.009439173,-0.969203321,-1.05011152,-0.216814361,0.634272008,0.488902969,0.05182082,-0.072778707,-0.246578551,0.0182794,-0.068265698,-0.098288223,-0.075986851,-1.391194411,-1.391054272
3881097,1,-0.172305788,-0.184667551,-1.201368802,0.028105417,-0.043874548,-0.029139771,0.242712337,-0.163639513,-0.169115492,-0.047226861,-0.165718694,-2.222844247,-2.486106025,-0.042955299,-0.013281615,-0.057320714,-0.170460188,-0.1721215,-0.175462873,-1.373657177,-1.371459828,-0.139731857,-0.148845571,-0.08006928,-0.1556029,-2.340500683,-2.330877006,-0.139733656,-0.148840866,-0.080068746,-0.155602864,-2.34037777,-2.330626031,-0.024668831,-0.03127239,-0.023045156,-0.026214655,0.001427814,0.001482644,-0.227215446,-0.231137203,-0.052784821,-0.229247034,-3.243190361,-3.222499071,-0.227203324,-0.235540579,-0.06588721,-0.230682648,-3.258873887,-3.237927334,-0.413199868,2.759209771,5.899000403,2.03053697,-2.454648953,-2.444996647,-0.039151129,-0.172895322,-0.163125809,-0.160932785,-1.316342284,-1.315388388,-0.039146414,-0.172884281,-0.163114472,-0.160925899,-1.316333378,-1.315375381,-0.017031676,-0.030026235,-0.01764012,-0.0150709,-0.140763222,-0.140334624,-0.095402689,-0.264424598,-0.250573517,-0.263752597,-0.169118906,-0.167165382,-0.059013055,-0.262423888,-0.25516815,-0.259251046,-0.187190965,-0.185273626,-0.293519289,-0.761258598,-0.693529406,-0.720230937,1.135522751,1.135278702,-0.169888927,2.670307539,6.119687364,2.143131444,-2.27140891,-2.569985565,-1.462757391,-1.4940894,-0.039219581,-1.48800737,1.997227874,1.339449388,-0.177664205,-0.216536379,-0.117156009,-0.2018947,2.613609641,2.617014254,-1.626384708,-1.267339914,0.682651598,-1.592031922,3.175165278,3.173827035,-0.116424604,-0.115534281,-0.021730381,-0.120194667,2.833092011,2.832991491,-0.090730184,18.45515737,21.18429464,12.2568932,-1.512746179,-1.934711534,-0.123107908,-0.19815422,-0.186242965,-0.212254193,1.064204546,1.063787488,-1.373722578,-1.35505085,-0.298937006,-1.403844624,1.342003002,1.340732728,-0.168741553,-0.458161841,-0.424671815,-0.440022471,0.143001405,0.142525211,-0.968902875,-1.943849738,-1.059868398,-1.678997351,0.185597367,0.185492004,-0.19314311,-0.611769192,-0.577099376,-0.600998891,0.241128277,0.241406446,0.0182794,-0.068265698,-0.084674233,-0.054450109,-1.760926429,-1.760984402
232457116,1,-0.172303737,-0.184667551,-1.201368802,-0.046932091,-0.024024523,-0.029139771,-0.061583794,-0.163637414,-0.168783147,-0.043596995,-0.165602242,-2.516704748,-2.486106025,-0.022710645,-0.013281615,-0.057291056,-0.170704274,-0.172551617,-0.175728372,-1.372508456,-1.371459828,-0.139731856,-0.148912121,-0.080147007,-0.155661856,-2.700912355,-2.689591904,-0.139733656,-0.14890742,-0.080146473,-0.155661826,-2.700785039,-2.689317925,-0.024668831,-0.03127239,-0.023045156,-0.026214655,0.001427814,0.001482644,-0.227215446,-0.239368369,-0.075255532,-0.234951518,0.037468029,0.043444221,-0.227203324,-0.243236093,-0.097894678,-0.235896423,0.03657665,0.042345135,-0.413829883,-0.487562805,-0.23109185,-0.46702159,2.939462356,2.937343405,-0.039151126,-0.172895382,-0.163125908,-0.160932842,-1.315204182,-1.315388388,-0.03914641,-0.172884342,-0.163114571,-0.160925956,-1.315195259,-1.315375381,-0.017031676,-0.030026235,-0.01764012,-0.0150709,-0.140763222,-0.140334624,-0.095402689,-0.264424598,-0.250573517,-0.263752597,-0.169118906,-0.167165382,-0.059013055,-0.262423888,-0.25516815,-0.259251046,-0.187190965,-0.185273626,-0.293896789,-0.761300512,-0.693587403,-0.720563541,1.022259425,1.135278702,-0.1709979,-0.202759921,-0.116091559,-0.193104457,-2.566101385,-2.569985565,-1.458978095,-1.494056831,-0.070583166,-1.486491652,-2.959217342,-2.950210022,-0.166549949,-0.216536379,-0.134546475,-0.194816611,-0.00317499,-0.00409409,-1.096335694,-1.267339914,-0.349932775,-1.230440801,-0.004357614,-0.00419437,-0.01192539,-0.05445128,0.004248529,-0.0072507,-3.327523696,-3.3308552,-0.093144727,-0.142287506,-0.095438785,-0.126445528,3.878480451,3.876701998,-0.124270252,-0.196387209,-0.184697666,-0.211892393,0.903024813,0.507808402,-1.373722578,-1.354813791,-0.299029298,-1.403927652,1.21630202,1.340732728,-0.168741553,-0.4579877,-0.424497955,-0.439909787,0.143001405,0.142525211,-0.968902875,0.146997204,0.921079243,-0.869514598,0.185597367,0.185492004,-0.19314311,-0.605631058,-0.57099774,-0.596793933,1.297854245,1.297924956,0.0182794,-0.087490156,-0.131155304,-0.097523594,-0.120613407,-0.11979246
230409257,1,-0.172855428,-0.184667551,-1.201368802,-0.1219696,-0.043874548,-0.113002009,-0.061583794,-0.163515024,-0.169331374,-0.049706964,-0.165818815,-0.028741286,-0.035390553,-0.042955299,-0.013281615,-0.057268408,-0.171028992,-0.172779503,-0.176113588,0.887057872,0.884556525,-0.139731764,-0.148912246,-0.08014727,-0.155661901,-0.01076301,-0.012107452,-0.139733564,-0.148907545,-0.080146736,-0.155661871,-0.010668561,-0.012005182,-0.024668831,-0.03127239,-0.023045156,-0.026214655,0.001427814,0.001482644,-0.227139758,-0.239297103,-0.075255532,-0.234877433,0.037468029,0.043444221,-0.227124547,-0.243159041,-0.097894678,-0.235818119,0.03657665,0.042345135,-0.413614433,-0.488015202,-0.232552621,-0.467179192,0.048766818,0.052956065,-0.039150758,-0.172889812,-0.16312,-0.160927238,-1.316342284,-1.315388388,-0.039146043,-0.172878771,-0.163108663,-0.160920352,-1.316333378,-1.315375381,-0.017031676,-0.030026235,-0.01764012,-0.0150709,-0.140763222,-0.140334624,-0.094805183,-0.264041471,-0.250246504,-0.263300272,-1.471764495,-1.470277464,-0.058035527,-0.262004097,-0.254813544,-0.258747543,-1.499971538,-1.498585281,-0.293115825,-0.612590205,-0.513916364,-0.587502333,-1.084906786,-1.084844896,-0.17100769,-0.20303462,-0.116816715,-0.193280442,-0.014658776,-0.018848713,-1.457953201,-1.494056831,-0.083458784,-1.485971977,-0.088797725,-0.090437082,-0.166549949,-0.216536379,-0.134546475,-0.194816611,-0.00317499,-0.00409409,-1.096335694,-1.267339914,-0.349932775,-1.230440801,-0.004357614,-0.00419437,-0.116424604,-0.176617282,-0.137323277,-0.152464371,-0.026059689,-0.027659714,-0.093144727,-0.143706724,-0.097718599,-0.12746225,0.003143296,0.00242631,-0.124586142,-0.191715161,-0.177730698,-0.20515871,-1.159648797,-1.160128856,-1.373872364,-1.313565558,-0.190369398,-1.380841089,-0.975737512,-0.975236557,-0.168741553,-0.306916551,-0.239733964,-0.293219692,-1.015963374,-1.016230427,-0.968902875,0.66970894,1.972825932,-0.161217189,-1.116918167,-1.116948469,-0.216814361,-0.102304071,0.050628255,-0.083789072,-0.979073767,-0.978556047,-0.098888737,-0.087490156,-0.084674233,-0.140597079,1.519699616,1.521399483
32877982,1,-0.172865246,-0.184667551,-1.201368802,-0.1219696,-0.043874548,-0.113002009,-0.061583794,-0.163525069,-0.169341279,-0.049706964,-0.165828849,-0.028741286,-0.035390553,-0.042955299,-0.013281615,-0.05713019,-0.171048916,-0.172813699,-0.176125211,0.887057872,0.884556525,-0.139731764,-0.148912246,-0.08014727,-0.155661901,-0.01076301,-0.012107452,-0.139733564,-0.148907545,-0.080146736,-0.155661871,-0.010668561,-0.012005182,-0.024668831,-0.03127239,-0.023045156,-0.026214655,0.001427814,0.001482644,-0.227139758,-0.239297103,-0.075255532,-0.234877433,0.037468029,0.043444221,-0.227124547,-0.243159041,-0.097894678,-0.235818119,0.03657665,0.042345135,-0.413614433,-0.488015202,-0.232552621,-0.467179192,0.048766818,0.052956065,-0.039150758,-0.172893617,-0.163124053,-0.160931031,-1.316342284,-1.315388388,-0.039146043,-0.172882579,-0.163112718,-0.160924148,-1.316333378,-1.315375381,-0.017031676,-0.030023645,-0.017637368,-0.015068196,-2.428425523,-2.429065026,-0.094805183,-0.264171897,-0.250380663,-0.263431858,-1.471764495,-1.470277464,-0.058035527,-0.262321272,-0.255139398,-0.259070545,-1.499971538,-1.498585281,-0.293115825,-0.621919041,-0.525198191,-0.595822671,-1.084906786,-1.084844896,-0.17101589,-0.203041058,-0.116816715,-0.193288466,-0.014658776,-0.018848713,-1.457921173,-1.494024263,-0.083458784,-1.485939497,-0.088797725,-0.090437082,-0.166549949,-0.216536379,-0.134546475,-0.194816611,-0.00317499,-0.00409409,-1.096335694,-1.267339914,-0.349932775,-1.230440801,-0.004357614,-0.00419437,-0.116424604,-0.176617282,-0.137323277,-0.152464371,-0.026059689,-0.027659714,-0.093144727,-0.143706724,-0.097718599,-0.12746225,0.003143296,0.00242631,-0.12463716,-0.200360739,-0.188695757,-0.215105839,-1.159648797,-1.160128856,-1.37381245,-1.344883661,-0.272207386,-1.398232934,-0.975737512,-0.975236557,-0.168741553,-0.458161841,-0.424671815,-0.440022471,0.143001405,0.142525211,-0.968902875,-1.943849738,-1.059868398,-1.678997351,0.185597367,0.185492004,-0.216814361,-0.599492924,-0.554680532,-0.594691454,-0.979073767,-0.978556047,0.0182794,-0.087490156,-0.131155304,-0.097523594,-0.120613407,-0.11979246
230351738,1,-0.103536086,-0.128745537,1.018601901,0.928555517,-0.043874548,1.061069331,-0.061583794,-0.16364521,-0.155366821,0.019785167,-0.161217712,-0.850118748,-0.989419076,-0.042955299,-0.013281615,-0.056486247,-0.099817409,-0.090999887,-0.094046869,-1.373657177,-1.371459828,-0.139731821,-0.143331006,-0.07660187,-0.154285948,-0.375514125,-1.360412123,-0.139733621,-0.143325933,-0.076601339,-0.154285771,-0.37541522,-1.360223385,-0.024668831,-0.03127239,-0.023045156,-0.026214655,0.001427814,0.001482644,-0.227215446,-0.221721248,-0.053494621,-0.231128156,-1.254320011,-2.443662478,-0.227203324,-0.224859323,-0.063452399,-0.232019698,-1.252935022,-2.455673631,-0.414011461,2.594687466,2.591201314,0.663344499,-1.507597293,-1.420141756,-0.039151029,1.165359271,1.261878444,1.173183105,-1.316342284,-1.315388388,-0.039146314,1.165475493,1.261903971,1.173239996,-1.316333378,-1.315375381,-0.017031676,-0.030026235,-0.01764012,-0.0150709,-0.140763222,-0.140334624,-0.095402689,-0.198494146,-0.182755963,-0.19723613,-1.471764495,-1.470277464,-0.059013055,-0.188746065,-0.179474103,-0.1842196,-1.499971538,-1.498585281,-0.293537348,-0.65236761,-0.561834072,-0.623117567,-1.084906786,-1.084844896,-0.169534267,0.428064548,0.793758551,0.13088595,-1.465550496,-1.330861951,-1.459074179,-1.494284809,-0.079303938,-1.48630327,-1.495261584,-1.346202399,-0.17193814,-0.18983841,-0.105597591,-0.1857534,-1.228338043,-1.38207255,-1.096335694,0.787434698,2.354007826,-0.68805412,2.633104515,2.6229782,-0.116424604,0.556378733,0.477449627,-0.055655257,0.076976986,1.754253226,-0.093144727,-0.068488121,-0.053597659,-0.120277413,0.96204056,0.961060929,0.057762186,0.07988598,0.125526763,0.144636113,1.064204546,1.063787488,-1.373992194,-1.356262484,-0.301479412,-1.404650481,1.342003002,1.340732728,-0.168741553,-0.056625803,0.066313471,-0.050280706,1.301966184,1.301280849,-0.968902875,1.192420675,2.579364798,0.142338843,1.488112901,1.487932477,-0.216814361,2.905381584,3.712372774,3.006854968,1.461330321,1.461368938,-0.098888737,-0.087490156,-0.084674233,-0.140597079,-1.760926429,-1.760984402
195218118,1,-0.103600011,-0.184667551,-1.201368802,-0.1219696,-0.043874548,-0.113002009,-0.061583794,-0.092656521,-0.09946595,-0.049706964,-0.095039388,-0.028741286,-0.035390553,-0.042955299,-0.013281615,-0.036272171,-0.101320772,-0.094379986,-0.09412255,-1.373657177,-1.371459828,2.137667727,1.304276135,-0.08014727,1.774076662,-0.01076301,-0.012107452,2.138011586,1.304377625,-0.080146736,1.774283,-0.010668561,-0.012005182,-0.024668831,-0.03127239,-0.023045156,-0.026214655,0.001427814,0.001482644,-0.150694175,-0.167318944,-0.075255532,-0.160052394,0.037468029,0.043444221,-0.149431314,-0.167167053,-0.097894678,-0.158590294,0.03657665,0.042345135,-0.254548343,-0.355720543,-0.232552621,-0.31454873,0.048766818,0.052956065,-0.039148604,-0.172878164,-0.163107935,-0.16091531,-1.316342284,-1.315388388,-0.039143888,-0.172867122,-0.163096598,-0.160908424,-1.316333378,-1.315375381,-0.017031676,-0.030026235,-0.01764012,-0.0150709,-0.140763222,-0.140334624,-0.095402689,-0.264424598,-0.250573517,-0.263752597,-0.169118906,-0.167165382,-0.059013055,-0.262423888,-0.25516815,-0.259251046,-0.187190965,-0.185273626,-0.293875132,-0.695738403,-0.614134615,-0.661910313,1.135522751,1.135278702,-0.125852331,-0.167584804,-0.116816715,-0.149094827,-0.014658776,-0.018848713,-1.458113341,-1.494219673,-0.083458784,-1.486134375,-0.088797725,-0.090437082,-0.142538709,-0.198283755,-0.134546475,-0.171879353,-0.00317499,-0.00409409,1.023860363,0.787434698,-0.349932775,0.939105924,-0.004357614,-0.00419437,1.346564395,0.678544735,-0.137323277,1.202863227,-0.026059689,-0.027659714,-0.093144727,-0.143706724,-0.097718599,-0.12746225,0.003143296,0.00242631,0.053913735,0.246878496,0.338423045,0.335770866,1.064204546,1.063787488,-1.373962236,-1.221402358,0.050265895,-1.32961793,1.342003002,1.340732728,-0.17585164,1.064198553,1.439515814,1.035482872,1.301966184,1.301280849,0.660117397,0.146997204,-0.453329532,0.445894875,1.488112901,1.487932477,-0.216814361,3.335050964,4.235479134,3.448375546,1.461330321,1.461368938,-0.098888737,-0.087490156,-0.084674233,-0.140597079,-1.760926429,-1.760984402
88008478,1,-0.171997435,-0.184667551,-1.201368802,-0.046932091,-0.043874548,-0.113002009,0.242712337,-0.163312399,-0.168794607,-0.04662886,-0.165445721,2.459222176,2.415324919,-0.042955299,-0.013281615,-0.053799181,-0.170393623,-0.172332845,-0.175097815,-1.373657177,-1.371459828,-0.139594266,-0.148824509,-0.08014727,-0.155545393,-0.01076301,-0.012107452,-0.139596045,-0.148819803,-0.080146736,-0.15554535,-0.010668561,-0.012005182,-0.024668831,-0.03127239,-0.023045156,-0.026214655,0.001427814,0.001482644,-0.222484903,-0.234914275,-0.075255532,-0.230321255,0.037468029,0.043444221,-0.22564749,-0.241714326,-0.097894678,-0.234349909,0.03657665,0.042345135,0.393033494,0.182870793,-0.232552621,0.306832702,0.048766818,0.052956065,-0.039119619,-0.17281464,-0.163044833,-0.160847731,0.923472978,0.92301071,-0.039114897,-0.172803593,-0.163033495,-0.160840842,0.923516299,0.923110126,-0.017031676,-0.030026235,-0.01764012,-0.0150709,-0.140763222,-0.140334624,-0.094730495,-0.260348779,-0.246456502,-0.259566534,1.133526683,1.135946701,-0.057913337,-0.260949958,-0.253740141,-0.257664537,1.125589609,1.128038029,-0.126957176,-0.207282986,-0.097508571,-0.171620099,1.135522751,1.135278702,-0.17088645,-0.202401366,-0.115355412,-0.192826472,2.536783834,2.532288139,-1.508333145,-1.545156404,-0.081849332,-1.536997561,2.781621891,2.769335858,-0.166549949,-0.216536379,-0.134546475,-0.194816611,-0.00317499,-0.00409409,-1.096335694,-1.267339914,-0.349932775,-1.230440801,-0.004357614,-0.00419437,-0.116424604,-0.115534281,0.004248529,-0.104059814,-3.327523696,-3.3308552,-0.09555927,-0.143706724,-0.095438785,-0.128478973,3.878480451,3.876701998,-0.120526136,-0.122860765,-0.091236728,-0.125184495,-1.159648797,-1.160128856,-1.373962236,-1.334584773,-0.24499677,-1.392577288,1.342003002,1.340732728,-0.158413128,-0.447979694,-0.41613565,-0.427032301,-1.015963374,-1.016230427,-0.968902875,0.146997204,1.366287066,-0.464773222,-1.116918167,-1.116948469,-0.027444357,-0.507420914,-0.502369896,-0.449620407,-0.979073767,-0.978556047,0.0182794,-0.087490156,-0.131155304,-0.097523594,-0.120613407,-0.11979246
232012569,1,-0.008922601,-0.102332455,1.018601901,1.228705551,-0.043874548,1.144931569,-0.061583794,-0.163581319,-0.10582908,0.141105442,-0.157124605,-0.558296623,-0.873793214,-0.042955299,-0.013281615,-0.056487558,-0.002545197,0.020795278,0.017965422,-1.373657177,-1.371459828,-0.139731832,-0.145338969,-0.077903541,-0.155073188,0.394443305,-0.859489193,-0.139733632,-0.14533403,-0.077903009,-0.155073095,0.394532803,-0.85933258,-0.024668831,-0.03127239,-0.023045156,-0.026214655,0.001427814,0.001482644,-0.227215446,-0.230255292,-0.062494497,-0.233915801,0.791845269,-0.026239273,-0.227203324,-0.233604662,-0.077215196,-0.234825403,0.787948851,-0.124813059,-0.413960189,0.599791598,0.80265907,-0.242620026,0.589417221,-0.134688049,-0.03915103,1.165359271,1.261878444,1.173183105,-1.316342284,-1.315388388,-0.039146314,1.165475493,1.261903971,1.173239996,-1.316333378,-1.315375381,-0.017031676,-0.030026235,-0.01764012,-0.0150709,-0.140763222,-0.140334624,-0.095402689,-0.198494146,-0.182755963,-0.19723613,-1.471764495,-1.470277464,-0.059013055,-0.188746065,-0.179474103,-0.1842196,-1.499971538,-1.498585281,-0.293546602,-0.65236761,-0.561829965,-0.623120596,-1.084906786,-1.084844896,-0.171010436,-0.070796837,0.026928957,-0.165473205,0.491603363,-0.426135474,-1.458401592,-1.494219673,-0.08183761,-1.486209591,-0.039064682,0.036860536,-0.166549949,-0.186229115,-0.10735051,-0.191576596,0.86908935,1.267497873,-1.096335694,0.787434698,1.742232787,-0.916427459,1.420940145,1.537575731,-0.116424604,0.983959742,0.792854025,0.025868207,1.01925051,1.023266786,-0.09555927,-0.143706724,-0.096510724,-0.127783321,0.003143296,0.00242631,0.306842803,0.103771874,0.09906227,0.223498395,1.064204546,1.063787488,-1.373902322,-1.356183465,-0.301479412,-1.404562569,1.342003002,1.340732728,-0.168741553,-0.424512865,-0.383526935,-0.407361863,1.301966184,1.301280849,-0.968902875,0.66970894,1.972825932,-0.161217189,1.488112901,1.487932477,-0.216814361,-0.304862492,-0.195979028,-0.291934487,1.461330321,1.461368938,0.0182794,-0.087490156,-0.131155304,-0.097523594,-0.120613407,-0.11979246
232412408,1,-0.165096892,-0.184667551,-1.201368802,-0.1219696,-0.043874548,-0.113002009,-0.061583794,-0.155576898,-0.1615045,-0.049706964,-0.157889547,-0.028741286,-0.035390553,-0.042955299,-0.013281615,-0.056783229,-0.163086948,-0.163691361,-0.166928307,-1.373657177,-1.371459828,-0.139728435,-0.148910122,-0.08014727,-0.15565908,-0.01076301,-0.012107452,-0.139730235,-0.148905421,-0.080146736,-0.15565905,-0.010668561,-0.012005182,-0.024668831,-0.03127239,-0.023045156,-0.026214655,0.001427814,0.001482644,-0.227215446,-0.239368369,-0.075255532,-0.234951518,0.037468029,0.043444221,-0.227203324,-0.243236093,-0.097894678,-0.235896423,0.03657665,0.042345135,-0.413965131,-0.488306876,-0.232552621,-0.467515702,0.048766818,0.052956065,-0.039151065,-0.172893492,-0.163123871,-0.160930951,-1.316342284,-1.315388388,-0.03914635,-0.172882451,-0.163112534,-0.160924066,-1.316333378,-1.315375381,-0.017031676,-0.030026235,-0.01764012,-0.0150709,-0.140763222,-0.140334624,-0.095402689,-0.264424598,-0.250573517,-0.263752597,-0.169118906,-0.167165382,-0.059013055,-0.262423888,-0.25516815,-0.259251046,-0.187190965,-0.185273626,-0.29369223,-0.761822753,-0.694134905,-0.720790714,1.135522751,1.135278702,-0.165188275,-0.198466011,-0.116816715,-0.187586003,-0.014658776,-0.018848713,-1.457921173,-1.494024263,-0.083458784,-1.485939497,-0.088797725,-0.090437082,-0.166549949,-0.216536379,-0.134546475,-0.194816611,-0.00317499,-0.00409409,-1.096335694,-1.267339914,-0.349932775,-1.230440801,-0.004357614,-0.00419437,-0.116424604,-0.176617282,-0.137323277,-0.152464371,-0.026059689,-0.027659714,-0.093144727,-0.143706724,-0.097718599,-0.12746225,0.003143296,0.00242631,-0.12307511,-0.196715261,-0.184423496,-0.210593589,-1.159648797,-1.160128856,-1.373722578,-1.355972746,-0.301341984,-1.404357442,1.342003002,1.340732728,-0.168741553,-0.458161841,-0.424671815,-0.440022471,0.143001405,0.142525211,-0.968902875,-1.943849738,-1.059868398,-1.678997351,0.185597367,0.185492004,-0.216814361,-0.599492924,-0.554680532,-0.594691454,1.461330321,1.461368938,0.0182794,-0.087490156,-0.131155304,-0.097523594,-0.120613407,-0.11979246
232412405,1,-0.165140273,-0.184667551,-1.201368802,-0.1219696,-0.043874548,-0.113002009,-0.061583794,-0.155621282,-0.161548263,-0.049706964,-0.157933882,-0.028741286,-0.035390553,-0.042955299,-0.013281615,-0.046862577,-0.163837113,-0.165364433,-0.166979666,0.887057872,0.884556525,-0.139728454,-0.148910134,-0.08014727,-0.155659096,-0.01076301,-0.012107452,-0.139730253,-0.148905433,-0.080146736,-0.155659066,-0.010668561,-0.012005182,-0.024668831,-0.03127239,-0.023045156,-0.026214655,0.001427814,0.001482644,-0.227215446,-0.239368369,-0.075255532,-0.234951518,0.037468029,0.043444221,-0.227203324,-0.243236093,-0.097894678,-0.235896423,0.03657665,0.042345135,-0.413922233,-0.488271198,-0.232552621,-0.467474539,0.048766818,0.052956065,-0.039138803,-0.172875729,-0.163106877,-0.160911445,-1.316342284,-1.315388388,-0.039134085,-0.172864687,-0.16309554,-0.160904558,-1.316333378,-1.315375381,-0.017031676,-0.030026235,-0.01764012,-0.0150709,-0.140763222,-0.140334624,-0.095402689,-0.26403332,-0.250171039,-0.263357841,-1.471764495,-1.470277464,-0.059013055,-0.262162685,-0.254899799,-0.258985044,-1.499971538,-1.498585281,-0.292941664,0.063466782,0.303595857,0.015526232,-1.084906786,-1.084844896,-0.165960979,-0.199072632,-0.116816715,-0.188342113,-0.014658776,-0.018848713,-1.457825089,-1.493926558,-0.083458784,-1.485842058,-0.088797725,-0.090437082,-0.166549949,-0.216536379,-0.134546475,-0.194816611,-0.00317499,-0.00409409,-1.096335694,-1.267339914,-0.349932775,-1.230440801,-0.004357614,-0.00419437,-0.116424604,-0.176617282,-0.137323277,-0.152464371,-0.026059689,-0.027659714,-0.093144727,-0.143706724,-0.097718599,-0.12746225,0.003143296,0.00242631,-0.122977681,-0.184684171,-0.169170668,-0.196745819,1.064204546,1.063787488,-1.372943687,-1.315593727,-0.197790475,-1.381515078,-0.975737512,-0.975236557,-0.168741553,-0.458161841,-0.424671815,-0.440022471,0.143001405,0.142525211,-0.968902875,-1.943849738,-1.059868398,-1.678997351,0.185597367,0.185492004,-0.216814361,-0.611769192,-0.569626428,-0.607306327,1.461330321,1.461368938,-0.098888737,-0.087490156,-0.084674233,-0.140597079,1.519699616,1.521399483
232038018,1,-0.172841454,-0.184667551,-1.201368802,-0.1219696,-0.043874548,-0.113002009,-0.061583794,-0.163500727,-0.169317277,-0.049706964,-0.165804533,-0.028741286,-0.035390553,-0.042955299,-0.013281615,-0.057365209,-0.171007741,-0.172747167,-0.176097044,0.887057872,0.884556525,-0.139731698,-0.148912204,-0.08014727,-0.155661845,-0.01076301,-0.012107452,-0.139733498,-0.148907503,-0.080146736,-0.155661815,-0.010668561,-0.012005182,-0.024668831,-0.03127239,-0.023045156,-0.026214655,0.001427814,0.001482644,-0.227101913,-0.23926147,-0.075255532,-0.234840391,0.037468029,0.043444221,-0.227085159,-0.243120515,-0.097894678,-0.235778967,0.03657665,0.042345135,-0.412350182,-0.486963729,-0.232552621,-0.465966092,0.048766818,0.052956065,-0.039150495,-0.172889879,-0.163120114,-0.160927267,-1.316342284,-1.315388388,-0.03914578,-0.172878839,-0.163108776,-0.160920381,-1.316333378,-1.315375381,-0.017031676,-0.030026235,-0.01764012,-0.0150709,-0.140763222,-0.140334624,-0.09450643,-0.258816271,-0.244905285,-0.257995732,-1.471764495,-1.470277464,-0.057546764,-0.257274463,-0.249992816,-0.253893014,-1.499971538,-1.498585281,-0.290748319,0.246566154,0.524053555,0.179549544,-1.084906786,-1.084844896,-0.170993047,-0.203023124,-0.116816715,-0.193266113,-0.014658776,-0.018848713,-1.458177396,-1.494284809,-0.083458784,-1.486199335,-0.088797725,-0.090437082,-0.166549949,-0.216536379,-0.134546475,-0.194816611,-0.00317499,-0.00409409,-1.096335694,-1.267339914,-0.349932775,-1.230440801,-0.004357614,-0.00419437,-0.116424604,-0.176617282,-0.137323277,-0.152464371,-0.026059689,-0.027659714,-0.093144727,-0.143706724,-0.097718599,-0.12746225,0.003143296,0.00242631,-0.123229752,-0.199962228,-0.188510686,-0.214357334,1.064204546,1.063787488,-1.373902322,-1.356130785,-0.301341984,-1.404533265,-0.975737512,-0.975236557,-0.168741553,-0.454509354,-0.420205672,-0.436477269,-1.015963374,-1.016230427,-0.968902875,-0.375714531,0.7597482,-0.768329254,-1.116918167,-1.116948469,-0.19314311,-0.581078522,-0.539734636,-0.569461706,-0.979073767,-0.978556047,0.0182794,-0.087490156,-0.131155304,-0.097523594,-0.120613407,-0.11979246
232470342,1,-0.17235002,-0.155132735,0.463609226,0.32825545,-0.043874548,0.390171422,-0.061583794,-0.163645226,-0.169226029,-0.048610973,-0.165856936,-0.368475307,-0.385492763,-0.042955299,-0.013281615,-0.056489399,-0.170564785,-0.172309665,-0.175515238,-1.373657177,-1.371459828,-0.139731831,-0.148848954,-0.080101953,-0.155640684,-1.112891936,-0.490229675,-0.139733631,-0.148844249,-0.080101419,-0.155640652,-1.112789952,-0.490096743,-0.024668831,-0.03127103,-0.023041142,-0.026214453,1.429895447,1.429840537,-0.227215446,-0.232152736,-0.0617934,-0.232235538,0.705027933,0.312814684,-0.227203324,-0.237919543,-0.082523217,-0.233673135,0.697848616,0.583449761,-0.413879232,2.557145828,3.408227348,1.488944653,0.332215408,0.258983732,-0.03915103,-0.172804165,-0.16302876,-0.160841896,-1.316342284,-1.315388388,-0.039146314,-0.172793118,-0.163017422,-0.160835007,-1.316333378,-1.315375381,-0.017031676,-0.03002567,-0.017639519,-0.01507031,-2.428425523,-2.429065026,-0.095402689,-0.225590192,-0.210627569,-0.224573016,-1.471764495,-1.470277464,-0.059013055,-0.244708746,-0.236968226,-0.241210439,-1.499971538,-1.498585281,-0.293726162,3.127712022,4.009689068,2.748253117,-1.084906786,-1.084844896,-0.171061886,2.546206576,5.034466089,0.786276569,1.194629137,0.394865944,-1.458113341,-1.493959127,-0.082076064,-1.486013736,-2.27605966,-2.118872214,-0.177664205,-0.201337124,-0.106228833,-0.19472864,-1.385850358,-1.873007498,-1.626384708,0.273741045,2.72313666,-0.920505555,-2.477116353,-2.431448312,-0.116424604,0.495295732,0.727694747,0.137962971,-1.971565265,-2.108877402,-0.093144727,18.45515737,20.51934909,7.48633533,1.841377113,1.840156629,-0.123329386,-0.199752255,-0.188221382,-0.214136571,1.064204546,1.063787488,-1.373722578,-1.356025425,-0.301479412,-1.404386746,1.342003002,1.340732728,-0.168741553,-0.397340411,-0.350301337,-0.380987542,-1.015963374,-1.016230427,-0.968902875,-1.943849738,-1.059868398,-1.678997351,0.185597367,0.185492004,-0.16947186,-0.599492924,-0.569626428,-0.58207658,1.461330321,1.461368938,0.252615673,0.066305505,0.147731121,0.333211254,-1.760926429,-1.760984402
2925426,1,-0.050898099,-0.091282137,1.018601901,-0.1219696,-0.004174497,-0.113002009,-0.061583794,-0.038732365,-0.04629754,-0.049706964,-0.04117541,-0.028741286,-0.035390553,-0.002465991,-0.013281615,-0.043794381,-0.055510388,-0.081459343,-0.103996663,0.595529307,-0.017850016,-0.139678853,-0.148878483,-0.08014727,-0.155617067,-0.01076301,-0.012107452,-0.139680644,-0.14887378,-0.080146736,-0.155617032,-0.010668561,-0.012005182,-0.024668831,-0.03127239,-0.023045156,-0.026214655,0.001427814,0.001482644,-0.227215446,-0.239368369,-0.075255532,-0.234951518,0.037468029,0.043444221,-0.227203324,-0.243236093,-0.097894678,-0.235896423,0.03657665,0.042345135,-0.414002126,-0.488337645,-0.232552621,-0.4675512,0.048766818,0.052956065,-0.039149507,-0.172172098,-0.162588268,-0.160557815,-1.04028789,-0.643868659,-0.039144791,-0.172161,-0.162576926,-0.160550915,-1.040274743,-0.643829729,-0.017031676,-0.030026235,-0.01764012,-0.0150709,-0.140763222,-0.140334624,-0.095402689,-0.262663844,-0.24929284,-0.262864395,-1.17814384,-1.17655166,-0.059013055,-0.260483525,-0.253758559,-0.25826304,-1.204066424,-1.202560459,-0.293859322,1.189850917,0.974352938,0.150198825,-0.835078919,-1.084844896,-0.084959293,-0.13548118,-0.116816715,-0.109079996,-0.014658776,-0.018848713,-1.457953201,-1.494056831,-0.083458784,-1.485971977,-0.088797725,-0.090437082,-0.125976245,-0.185693466,-0.134546475,-0.156057699,-0.00317499,-0.00409409,1.023860363,0.787434698,-0.349932775,0.939105924,-0.004357614,-0.00419437,-0.116424604,-0.176617282,-0.137323277,-0.152464371,-0.026059689,-0.027659714,-0.083486556,-0.138029849,-0.097718599,-0.119328472,0.003143296,0.00242631,-0.087755114,-0.105177285,-0.115858994,-0.117520346,-0.464964868,-0.270562318,-1.37381245,-1.353681177,-0.297288406,-1.403712757,-0.077303978,0.060685786,-0.163009277,-0.42935169,-0.40424599,-0.416466447,-0.571543811,-0.320977044,-0.968902875,0.146997204,0.708481077,-0.616551238,1.409097668,1.421095527,-0.216814361,-0.47059211,-0.464260336,-0.449620407,-0.968682781,-0.978556047,-0.098888737,-0.049041241,-0.038193162,-0.097523594,1.376780666,1.437178925
